id,template,weights,qualified,eligible_for_replay,product_blockers,portfolio_blockers,aftertax_cagr,aftertax_terminal_cny
CN-BOND-510300-511010,CN-BOND,"{""510300"": 0.6, ""511010"": 0.4}",False,False,510300:access;510300:continuity;510300:history;510300:costs;510300:tracking;510300:liquidity;510300:premium;510300:tax;510300:knowledge;511010:access;511010:continuity;511010:history;511010:costs;511010:tracking;511010:liquidity;511010:premium;511010:tax;511010:knowledge,AUDITED_CNY_AFTERTAX_REPLAY_MISSING,,
CN-BOND-510300-511260,CN-BOND,"{""510300"": 0.6, ""511260"": 0.4}",False,False,510300:access;510300:continuity;510300:history;510300:costs;510300:tracking;510300:liquidity;510300:premium;510300:tax;510300:knowledge;511260:access;511260:continuity;511260:history;511260:costs;511260:tracking;511260:liquidity;511260:premium;511260:tax;511260:knowledge,AUDITED_CNY_AFTERTAX_REPLAY_MISSING,,
CN-BOND-512050-511010,CN-BOND,"{""512050"": 0.6, ""511010"": 0.4}",False,False,512050:access;512050:continuity;512050:history;512050:costs;512050:tracking;512050:liquidity;512050:premium;512050:tax;512050:knowledge;511010:access;511010:continuity;511010:history;511010:costs;511010:tracking;511010:liquidity;511010:premium;511010:tax;511010:knowledge,AUDITED_CNY_AFTERTAX_REPLAY_MISSING,,
CN-BOND-512050-511260,CN-BOND,"{""512050"": 0.6, ""511260"": 0.4}",False,False,512050:access;512050:continuity;512050:history;512050:costs;512050:tracking;512050:liquidity;512050:premium;512050:tax;512050:knowledge;511260:access;511260:continuity;511260:history;511260:costs;511260:tracking;511260:liquidity;511260:premium;511260:tax;511260:knowledge,AUDITED_CNY_AFTERTAX_REPLAY_MISSING,,
CN-BOND-GOLD-510300-511010-518880,CN-BOND-GOLD,"{""510300"": 0.5, ""511010"": 0.4, ""518880"": 0.1}",False,False,510300:access;510300:continuity;510300:history;510300:costs;510300:tracking;510300:liquidity;510300:premium;510300:tax;510300:knowledge;511010:access;511010:continuity;511010:history;511010:costs;511010:tracking;511010:liquidity;511010:premium;511010:tax;511010:knowledge;518880:access;518880:continuity;518880:history;518880:costs;518880:tracking;518880:liquidity;518880:premium;518880:tax;518880:knowledge,AUDITED_CNY_AFTERTAX_REPLAY_MISSING,,
CN-BOND-GOLD-510300-511010-159934,CN-BOND-GOLD,"{""510300"": 0.5, ""511010"": 0.4, ""159934"": 0.1}",False,False,510300:access;510300:continuity;510300:history;510300:costs;510300:tracking;510300:liquidity;510300:premium;510300:tax;510300:knowledge;511010:access;511010:continuity;511010:history;511010:costs;511010:tracking;511010:liquidity;511010:premium;511010:tax;511010:knowledge;159934:access;159934:continuity;159934:history;159934:costs;159934:tracking;159934:liquidity;159934:premium;159934:tax;159934:knowledge,AUDITED_CNY_AFTERTAX_REPLAY_MISSING,,
CN-BOND-GOLD-510300-511260-518880,CN-BOND-GOLD,"{""510300"": 0.5, ""511260"": 0.4, ""518880"": 0.1}",False,False,510300:access;510300:continuity;510300:history;510300:costs;510300:tracking;510300:liquidity;510300:premium;510300:tax;510300:knowledge;511260:access;511260:continuity;511260:history;511260:costs;511260:tracking;511260:liquidity;511260:premium;511260:tax;511260:knowledge;518880:access;518880:continuity;518880:history;518880:costs;518880:tracking;518880:liquidity;518880:premium;518880:tax;518880:knowledge,AUDITED_CNY_AFTERTAX_REPLAY_MISSING,,
CN-BOND-GOLD-510300-511260-159934,CN-BOND-GOLD,"{""510300"": 0.5, ""511260"": 0.4, ""159934"": 0.1}",False,False,510300:access;510300:continuity;510300:history;510300:costs;510300:tracking;510300:liquidity;510300:premium;510300:tax;510300:knowledge;511260:access;511260:continuity;511260:history;511260:costs;511260:tracking;511260:liquidity;511260:premium;511260:tax;511260:knowledge;159934:access;159934:continuity;159934:history;159934:costs;159934:tracking;159934:liquidity;159934:premium;159934:tax;159934:knowledge,AUDITED_CNY_AFTERTAX_REPLAY_MISSING,,
CN-BOND-GOLD-512050-511010-518880,CN-BOND-GOLD,"{""512050"": 0.5, ""511010"": 0.4, ""518880"": 0.1}",False,False,512050:access;512050:continuity;512050:history;512050:costs;512050:tracking;512050:liquidity;512050:premium;512050:tax;512050:knowledge;511010:access;511010:continuity;511010:history;511010:costs;511010:tracking;511010:liquidity;511010:premium;511010:tax;511010:knowledge;518880:access;518880:continuity;518880:history;518880:costs;518880:tracking;518880:liquidity;518880:premium;518880:tax;518880:knowledge,AUDITED_CNY_AFTERTAX_REPLAY_MISSING,,
CN-BOND-GOLD-512050-511010-159934,CN-BOND-GOLD,"{""512050"": 0.5, ""511010"": 0.4, ""159934"": 0.1}",False,False,512050:access;512050:continuity;512050:history;512050:costs;512050:tracking;512050:liquidity;512050:premium;512050:tax;512050:knowledge;511010:access;511010:continuity;511010:history;511010:costs;511010:tracking;511010:liquidity;511010:premium;511010:tax;511010:knowledge;159934:access;159934:continuity;159934:history;159934:costs;159934:tracking;159934:liquidity;159934:premium;159934:tax;159934:knowledge,AUDITED_CNY_AFTERTAX_REPLAY_MISSING,,
CN-BOND-GOLD-512050-511260-518880,CN-BOND-GOLD,"{""512050"": 0.5, ""511260"": 0.4, ""518880"": 0.1}",False,False,512050:access;512050:continuity;512050:history;512050:costs;512050:tracking;512050:liquidity;512050:premium;512050:tax;512050:knowledge;511260:access;511260:continuity;511260:history;511260:costs;511260:tracking;511260:liquidity;511260:premium;511260:tax;511260:knowledge;518880:access;518880:continuity;518880:history;518880:costs;518880:tracking;518880:liquidity;518880:premium;518880:tax;518880:knowledge,AUDITED_CNY_AFTERTAX_REPLAY_MISSING,,
CN-BOND-GOLD-512050-511260-159934,CN-BOND-GOLD,"{""512050"": 0.5, ""511260"": 0.4, ""159934"": 0.1}",False,False,512050:access;512050:continuity;512050:history;512050:costs;512050:tracking;512050:liquidity;512050:premium;512050:tax;512050:knowledge;511260:access;511260:continuity;511260:history;511260:costs;511260:tracking;511260:liquidity;511260:premium;511260:tax;511260:knowledge;159934:access;159934:continuity;159934:history;159934:costs;159934:tracking;159934:liquidity;159934:premium;159934:tax;159934:knowledge,AUDITED_CNY_AFTERTAX_REPLAY_MISSING,,
CN-BOND-QDII-510300-511010-513500,CN-BOND-QDII,"{""510300"": 0.55, ""511010"": 0.4, ""513500"": 0.05}",False,False,510300:access;510300:continuity;510300:history;510300:costs;510300:tracking;510300:liquidity;510300:premium;510300:tax;510300:knowledge;511010:access;511010:continuity;511010:history;511010:costs;511010:tracking;511010:liquidity;511010:premium;511010:tax;511010:knowledge;513500:access;513500:continuity;513500:history;513500:costs;513500:tracking;513500:liquidity;513500:premium;513500:tax;513500:knowledge,AUDITED_CNY_AFTERTAX_REPLAY_MISSING,,
CN-BOND-QDII-510300-511010-513100,CN-BOND-QDII,"{""510300"": 0.55, ""511010"": 0.4, ""513100"": 0.05}",False,False,510300:access;510300:continuity;510300:history;510300:costs;510300:tracking;510300:liquidity;510300:premium;510300:tax;510300:knowledge;511010:access;511010:continuity;511010:history;511010:costs;511010:tracking;511010:liquidity;511010:premium;511010:tax;511010:knowledge;513100:access;513100:continuity;513100:history;513100:costs;513100:tracking;513100:liquidity;513100:premium;513100:tax;513100:knowledge,AUDITED_CNY_AFTERTAX_REPLAY_MISSING,,
CN-BOND-QDII-510300-511260-513500,CN-BOND-QDII,"{""510300"": 0.55, ""511260"": 0.4, ""513500"": 0.05}",False,False,510300:access;510300:continuity;510300:history;510300:costs;510300:tracking;510300:liquidity;510300:premium;510300:tax;510300:knowledge;511260:access;511260:continuity;511260:history;511260:costs;511260:tracking;511260:liquidity;511260:premium;511260:tax;511260:knowledge;513500:access;513500:continuity;513500:history;513500:costs;513500:tracking;513500:liquidity;513500:premium;513500:tax;513500:knowledge,AUDITED_CNY_AFTERTAX_REPLAY_MISSING,,
CN-BOND-QDII-510300-511260-513100,CN-BOND-QDII,"{""510300"": 0.55, ""511260"": 0.4, ""513100"": 0.05}",False,False,510300:access;510300:continuity;510300:history;510300:costs;510300:tracking;510300:liquidity;510300:premium;510300:tax;510300:knowledge;511260:access;511260:continuity;511260:history;511260:costs;511260:tracking;511260:liquidity;511260:premium;511260:tax;511260:knowledge;513100:access;513100:continuity;513100:history;513100:costs;513100:tracking;513100:liquidity;513100:premium;513100:tax;513100:knowledge,AUDITED_CNY_AFTERTAX_REPLAY_MISSING,,
CN-BOND-QDII-512050-511010-513500,CN-BOND-QDII,"{""512050"": 0.55, ""511010"": 0.4, ""513500"": 0.05}",False,False,512050:access;512050:continuity;512050:history;512050:costs;512050:tracking;512050:liquidity;512050:premium;512050:tax;512050:knowledge;511010:access;511010:continuity;511010:history;511010:costs;511010:tracking;511010:liquidity;511010:premium;511010:tax;511010:knowledge;513500:access;513500:continuity;513500:history;513500:costs;513500:tracking;513500:liquidity;513500:premium;513500:tax;513500:knowledge,AUDITED_CNY_AFTERTAX_REPLAY_MISSING,,
CN-BOND-QDII-512050-511010-513100,CN-BOND-QDII,"{""512050"": 0.55, ""511010"": 0.4, ""513100"": 0.05}",False,False,512050:access;512050:continuity;512050:history;512050:costs;512050:tracking;512050:liquidity;512050:premium;512050:tax;512050:knowledge;511010:access;511010:continuity;511010:history;511010:costs;511010:tracking;511010:liquidity;511010:premium;511010:tax;511010:knowledge;513100:access;513100:continuity;513100:history;513100:costs;513100:tracking;513100:liquidity;513100:premium;513100:tax;513100:knowledge,AUDITED_CNY_AFTERTAX_REPLAY_MISSING,,
CN-BOND-QDII-512050-511260-513500,CN-BOND-QDII,"{""512050"": 0.55, ""511260"": 0.4, ""513500"": 0.05}",False,False,512050:access;512050:continuity;512050:history;512050:costs;512050:tracking;512050:liquidity;512050:premium;512050:tax;512050:knowledge;511260:access;511260:continuity;511260:history;511260:costs;511260:tracking;511260:liquidity;511260:premium;511260:tax;511260:knowledge;513500:access;513500:continuity;513500:history;513500:costs;513500:tracking;513500:liquidity;513500:premium;513500:tax;513500:knowledge,AUDITED_CNY_AFTERTAX_REPLAY_MISSING,,
CN-BOND-QDII-512050-511260-513100,CN-BOND-QDII,"{""512050"": 0.55, ""511260"": 0.4, ""513100"": 0.05}",False,False,512050:access;512050:continuity;512050:history;512050:costs;512050:tracking;512050:liquidity;512050:premium;512050:tax;512050:knowledge;511260:access;511260:continuity;511260:history;511260:costs;511260:tracking;511260:liquidity;511260:premium;511260:tax;511260:knowledge;513100:access;513100:continuity;513100:history;513100:costs;513100:tracking;513100:liquidity;513100:premium;513100:tax;513100:knowledge,AUDITED_CNY_AFTERTAX_REPLAY_MISSING,,
CN-BOND-GOLD-QDII-510300-511010-518880-513500,CN-BOND-GOLD-QDII,"{""510300"": 0.5, ""511010"": 0.35, ""518880"": 0.1, ""513500"": 0.05}",False,False,510300:access;510300:continuity;510300:history;510300:costs;510300:tracking;510300:liquidity;510300:premium;510300:tax;510300:knowledge;511010:access;511010:continuity;511010:history;511010:costs;511010:tracking;511010:liquidity;511010:premium;511010:tax;511010:knowledge;518880:access;518880:continuity;518880:history;518880:costs;518880:tracking;518880:liquidity;518880:premium;518880:tax;518880:knowledge;513500:access;513500:continuity;513500:history;513500:costs;513500:tracking;513500:liquidity;513500:premium;513500:tax;513500:knowledge,AUDITED_CNY_AFTERTAX_REPLAY_MISSING,,
CN-BOND-GOLD-QDII-510300-511010-518880-513100,CN-BOND-GOLD-QDII,"{""510300"": 0.5, ""511010"": 0.35, ""518880"": 0.1, ""513100"": 0.05}",False,False,510300:access;510300:continuity;510300:history;510300:costs;510300:tracking;510300:liquidity;510300:premium;510300:tax;510300:knowledge;511010:access;511010:continuity;511010:history;511010:costs;511010:tracking;511010:liquidity;511010:premium;511010:tax;511010:knowledge;518880:access;518880:continuity;518880:history;518880:costs;518880:tracking;518880:liquidity;518880:premium;518880:tax;518880:knowledge;513100:access;513100:continuity;513100:history;513100:costs;513100:tracking;513100:liquidity;513100:premium;513100:tax;513100:knowledge,AUDITED_CNY_AFTERTAX_REPLAY_MISSING,,
CN-BOND-GOLD-QDII-510300-511010-159934-513500,CN-BOND-GOLD-QDII,"{""510300"": 0.5, ""511010"": 0.35, ""159934"": 0.1, ""513500"": 0.05}",False,False,510300:access;510300:continuity;510300:history;510300:costs;510300:tracking;510300:liquidity;510300:premium;510300:tax;510300:knowledge;511010:access;511010:continuity;511010:history;511010:costs;511010:tracking;511010:liquidity;511010:premium;511010:tax;511010:knowledge;159934:access;159934:continuity;159934:history;159934:costs;159934:tracking;159934:liquidity;159934:premium;159934:tax;159934:knowledge;513500:access;513500:continuity;513500:history;513500:costs;513500:tracking;513500:liquidity;513500:premium;513500:tax;513500:knowledge,AUDITED_CNY_AFTERTAX_REPLAY_MISSING,,
CN-BOND-GOLD-QDII-510300-511010-159934-513100,CN-BOND-GOLD-QDII,"{""510300"": 0.5, ""511010"": 0.35, ""159934"": 0.1, ""513100"": 0.05}",False,False,510300:access;510300:continuity;510300:history;510300:costs;510300:tracking;510300:liquidity;510300:premium;510300:tax;510300:knowledge;511010:access;511010:continuity;511010:history;511010:costs;511010:tracking;511010:liquidity;511010:premium;511010:tax;511010:knowledge;159934:access;159934:continuity;159934:history;159934:costs;159934:tracking;159934:liquidity;159934:premium;159934:tax;159934:knowledge;513100:access;513100:continuity;513100:history;513100:costs;513100:tracking;513100:liquidity;513100:premium;513100:tax;513100:knowledge,AUDITED_CNY_AFTERTAX_REPLAY_MISSING,,
CN-BOND-GOLD-QDII-510300-511260-518880-513500,CN-BOND-GOLD-QDII,"{""510300"": 0.5, ""511260"": 0.35, ""518880"": 0.1, ""513500"": 0.05}",False,False,510300:access;510300:continuity;510300:history;510300:costs;510300:tracking;510300:liquidity;510300:premium;510300:tax;510300:knowledge;511260:access;511260:continuity;511260:history;511260:costs;511260:tracking;511260:liquidity;511260:premium;511260:tax;511260:knowledge;518880:access;518880:continuity;518880:history;518880:costs;518880:tracking;518880:liquidity;518880:premium;518880:tax;518880:knowledge;513500:access;513500:continuity;513500:history;513500:costs;513500:tracking;513500:liquidity;513500:premium;513500:tax;513500:knowledge,AUDITED_CNY_AFTERTAX_REPLAY_MISSING,,
CN-BOND-GOLD-QDII-510300-511260-518880-513100,CN-BOND-GOLD-QDII,"{""510300"": 0.5, ""511260"": 0.35, ""518880"": 0.1, ""513100"": 0.05}",False,False,510300:access;510300:continuity;510300:history;510300:costs;510300:tracking;510300:liquidity;510300:premium;510300:tax;510300:knowledge;511260:access;511260:continuity;511260:history;511260:costs;511260:tracking;511260:liquidity;511260:premium;511260:tax;511260:knowledge;518880:access;518880:continuity;518880:history;518880:costs;518880:tracking;518880:liquidity;518880:premium;518880:tax;518880:knowledge;513100:access;513100:continuity;513100:history;513100:costs;513100:tracking;513100:liquidity;513100:premium;513100:tax;513100:knowledge,AUDITED_CNY_AFTERTAX_REPLAY_MISSING,,
CN-BOND-GOLD-QDII-510300-511260-159934-513500,CN-BOND-GOLD-QDII,"{""510300"": 0.5, ""511260"": 0.35, ""159934"": 0.1, ""513500"": 0.05}",False,False,510300:access;510300:continuity;510300:history;510300:costs;510300:tracking;510300:liquidity;510300:premium;510300:tax;510300:knowledge;511260:access;511260:continuity;511260:history;511260:costs;511260:tracking;511260:liquidity;511260:premium;511260:tax;511260:knowledge;159934:access;159934:continuity;159934:history;159934:costs;159934:tracking;159934:liquidity;159934:premium;159934:tax;159934:knowledge;513500:access;513500:continuity;513500:history;513500:costs;513500:tracking;513500:liquidity;513500:premium;513500:tax;513500:knowledge,AUDITED_CNY_AFTERTAX_REPLAY_MISSING,,
CN-BOND-GOLD-QDII-510300-511260-159934-513100,CN-BOND-GOLD-QDII,"{""510300"": 0.5, ""511260"": 0.35, ""159934"": 0.1, ""513100"": 0.05}",False,False,510300:access;510300:continuity;510300:history;510300:costs;510300:tracking;510300:liquidity;510300:premium;510300:tax;510300:knowledge;511260:access;511260:continuity;511260:history;511260:costs;511260:tracking;511260:liquidity;511260:premium;511260:tax;511260:knowledge;159934:access;159934:continuity;159934:history;159934:costs;159934:tracking;159934:liquidity;159934:premium;159934:tax;159934:knowledge;513100:access;513100:continuity;513100:history;513100:costs;513100:tracking;513100:liquidity;513100:premium;513100:tax;513100:knowledge,AUDITED_CNY_AFTERTAX_REPLAY_MISSING,,
CN-BOND-GOLD-QDII-512050-511010-518880-513500,CN-BOND-GOLD-QDII,"{""512050"": 0.5, ""511010"": 0.35, ""518880"": 0.1, ""513500"": 0.05}",False,False,512050:access;512050:continuity;512050:history;512050:costs;512050:tracking;512050:liquidity;512050:premium;512050:tax;512050:knowledge;511010:access;511010:continuity;511010:history;511010:costs;511010:tracking;511010:liquidity;511010:premium;511010:tax;511010:knowledge;518880:access;518880:continuity;518880:history;518880:costs;518880:tracking;518880:liquidity;518880:premium;518880:tax;518880:knowledge;513500:access;513500:continuity;513500:history;513500:costs;513500:tracking;513500:liquidity;513500:premium;513500:tax;513500:knowledge,AUDITED_CNY_AFTERTAX_REPLAY_MISSING,,
CN-BOND-GOLD-QDII-512050-511010-518880-513100,CN-BOND-GOLD-QDII,"{""512050"": 0.5, ""511010"": 0.35, ""518880"": 0.1, ""513100"": 0.05}",False,False,512050:access;512050:continuity;512050:history;512050:costs;512050:tracking;512050:liquidity;512050:premium;512050:tax;512050:knowledge;511010:access;511010:continuity;511010:history;511010:costs;511010:tracking;511010:liquidity;511010:premium;511010:tax;511010:knowledge;518880:access;518880:continuity;518880:history;518880:costs;518880:tracking;518880:liquidity;518880:premium;518880:tax;518880:knowledge;513100:access;513100:continuity;513100:history;513100:costs;513100:tracking;513100:liquidity;513100:premium;513100:tax;513100:knowledge,AUDITED_CNY_AFTERTAX_REPLAY_MISSING,,
CN-BOND-GOLD-QDII-512050-511010-159934-513500,CN-BOND-GOLD-QDII,"{""512050"": 0.5, ""511010"": 0.35, ""159934"": 0.1, ""513500"": 0.05}",False,False,512050:access;512050:continuity;512050:history;512050:costs;512050:tracking;512050:liquidity;512050:premium;512050:tax;512050:knowledge;511010:access;511010:continuity;511010:history;511010:costs;511010:tracking;511010:liquidity;511010:premium;511010:tax;511010:knowledge;159934:access;159934:continuity;159934:history;159934:costs;159934:tracking;159934:liquidity;159934:premium;159934:tax;159934:knowledge;513500:access;513500:continuity;513500:history;513500:costs;513500:tracking;513500:liquidity;513500:premium;513500:tax;513500:knowledge,AUDITED_CNY_AFTERTAX_REPLAY_MISSING,,
CN-BOND-GOLD-QDII-512050-511010-159934-513100,CN-BOND-GOLD-QDII,"{""512050"": 0.5, ""511010"": 0.35, ""159934"": 0.1, ""513100"": 0.05}",False,False,512050:access;512050:continuity;512050:history;512050:costs;512050:tracking;512050:liquidity;512050:premium;512050:tax;512050:knowledge;511010:access;511010:continuity;511010:history;511010:costs;511010:tracking;511010:liquidity;511010:premium;511010:tax;511010:knowledge;159934:access;159934:continuity;159934:history;159934:costs;159934:tracking;159934:liquidity;159934:premium;159934:tax;159934:knowledge;513100:access;513100:continuity;513100:history;513100:costs;513100:tracking;513100:liquidity;513100:premium;513100:tax;513100:knowledge,AUDITED_CNY_AFTERTAX_REPLAY_MISSING,,
CN-BOND-GOLD-QDII-512050-511260-518880-513500,CN-BOND-GOLD-QDII,"{""512050"": 0.5, ""511260"": 0.35, ""518880"": 0.1, ""513500"": 0.05}",False,False,512050:access;512050:continuity;512050:history;512050:costs;512050:tracking;512050:liquidity;512050:premium;512050:tax;512050:knowledge;511260:access;511260:continuity;511260:history;511260:costs;511260:tracking;511260:liquidity;511260:premium;511260:tax;511260:knowledge;518880:access;518880:continuity;518880:history;518880:costs;518880:tracking;518880:liquidity;518880:premium;518880:tax;518880:knowledge;513500:access;513500:continuity;513500:history;513500:costs;513500:tracking;513500:liquidity;513500:premium;513500:tax;513500:knowledge,AUDITED_CNY_AFTERTAX_REPLAY_MISSING,,
CN-BOND-GOLD-QDII-512050-511260-518880-513100,CN-BOND-GOLD-QDII,"{""512050"": 0.5, ""511260"": 0.35, ""518880"": 0.1, ""513100"": 0.05}",False,False,512050:access;512050:continuity;512050:history;512050:costs;512050:tracking;512050:liquidity;512050:premium;512050:tax;512050:knowledge;511260:access;511260:continuity;511260:history;511260:costs;511260:tracking;511260:liquidity;511260:premium;511260:tax;511260:knowledge;518880:access;518880:continuity;518880:history;518880:costs;518880:tracking;518880:liquidity;518880:premium;518880:tax;518880:knowledge;513100:access;513100:continuity;513100:history;513100:costs;513100:tracking;513100:liquidity;513100:premium;513100:tax;513100:knowledge,AUDITED_CNY_AFTERTAX_REPLAY_MISSING,,
CN-BOND-GOLD-QDII-512050-511260-159934-513500,CN-BOND-GOLD-QDII,"{""512050"": 0.5, ""511260"": 0.35, ""159934"": 0.1, ""513500"": 0.05}",False,False,512050:access;512050:continuity;512050:history;512050:costs;512050:tracking;512050:liquidity;512050:premium;512050:tax;512050:knowledge;511260:access;511260:continuity;511260:history;511260:costs;511260:tracking;511260:liquidity;511260:premium;511260:tax;511260:knowledge;159934:access;159934:continuity;159934:history;159934:costs;159934:tracking;159934:liquidity;159934:premium;159934:tax;159934:knowledge;513500:access;513500:continuity;513500:history;513500:costs;513500:tracking;513500:liquidity;513500:premium;513500:tax;513500:knowledge,AUDITED_CNY_AFTERTAX_REPLAY_MISSING,,
CN-BOND-GOLD-QDII-512050-511260-159934-513100,CN-BOND-GOLD-QDII,"{""512050"": 0.5, ""511260"": 0.35, ""159934"": 0.1, ""513100"": 0.05}",False,False,512050:access;512050:continuity;512050:history;512050:costs;512050:tracking;512050:liquidity;512050:premium;512050:tax;512050:knowledge;511260:access;511260:continuity;511260:history;511260:costs;511260:tracking;511260:liquidity;511260:premium;511260:tax;511260:knowledge;159934:access;159934:continuity;159934:history;159934:costs;159934:tracking;159934:liquidity;159934:premium;159934:tax;159934:knowledge;513100:access;513100:continuity;513100:history;513100:costs;513100:tracking;513100:liquidity;513100:premium;513100:tax;513100:knowledge,AUDITED_CNY_AFTERTAX_REPLAY_MISSING,,
