start,end,fund_return,fund_return_std,benchmark_return,benchmark_return_std,reported_gap,reported_std_gap,full_calendar_year,code,currency,benchmark,layer,date_access_label,published_at,observed_at,source_id,source_sha256,pdf_pages,manual_processing,retrospective,aftertax_return,market_return
2013-12-05,2013-12-31,0.006,0.0003,0.0264,0.0062,-0.0204,-0.0059,False,513500,CNY,S&P 500 Net TR × disclosed valuation FX convention,LEVEL 2 / REPORTED FUND NAV,FUND REPORTED / CONTAINS PRE-LISTING DATES,2022-11-09,2026-10-08T13:14:22.058405+00:00,513500-prospectus2022,bc91cfb0767b5b340d4ecdb09b1ca0c0a342169d3248811458284cb597299e16,68–69,False,True,,
2014-01-01,2014-12-31,0.1338,0.0067,0.134,0.0069,-0.0002,-0.0002,True,513500,CNY,S&P 500 Net TR × disclosed valuation FX convention,LEVEL 2 / REPORTED FUND NAV,FUND REPORTED / CONTAINS PRE-LISTING DATES,2022-11-09,2026-10-08T13:14:22.058405+00:00,513500-prospectus2022,bc91cfb0767b5b340d4ecdb09b1ca0c0a342169d3248811458284cb597299e16,68–69,False,True,,
2015-01-01,2015-12-31,0.0695,0.0104,0.0691,0.0104,0.0004,0.0,True,513500,CNY,S&P 500 Net TR × disclosed valuation FX convention,LEVEL 2 / REPORTED FUND NAV,FUND REPORTED / NOT MARKET EXECUTION,2022-11-09,2026-10-08T13:14:22.058405+00:00,513500-prospectus2022,bc91cfb0767b5b340d4ecdb09b1ca0c0a342169d3248811458284cb597299e16,68–69,False,True,,
2016-01-01,2016-12-31,0.17579999999999998,0.008199999999999999,0.1882,0.0083,-0.0124,-0.0001,True,513500,CNY,S&P 500 Net TR × disclosed valuation FX convention,LEVEL 2 / REPORTED FUND NAV,FUND REPORTED / NOT MARKET EXECUTION,2022-11-09,2026-10-08T13:14:22.058405+00:00,513500-prospectus2022,bc91cfb0767b5b340d4ecdb09b1ca0c0a342169d3248811458284cb597299e16,68–69,False,True,,
2017-01-01,2017-12-31,0.13019999999999998,0.0048,0.1407,0.0049,-0.0105,-0.0001,True,513500,CNY,S&P 500 Net TR × disclosed valuation FX convention,LEVEL 2 / REPORTED FUND NAV,FUND REPORTED / NOT MARKET EXECUTION,2022-11-09,2026-10-08T13:14:22.058405+00:00,513500-prospectus2022,bc91cfb0767b5b340d4ecdb09b1ca0c0a342169d3248811458284cb597299e16,68–69,False,True,,
2018-01-01,2018-12-31,-0.0118,0.011200000000000002,-0.0016,0.0113,-0.0102,-0.0001,True,513500,CNY,S&P 500 Net TR × disclosed valuation FX convention,LEVEL 2 / REPORTED FUND NAV,FUND REPORTED / NOT MARKET EXECUTION,2022-11-09,2026-10-08T13:14:22.058405+00:00,513500-prospectus2022,bc91cfb0767b5b340d4ecdb09b1ca0c0a342169d3248811458284cb597299e16,68–69,False,True,,
2019-01-01,2019-12-31,0.3164,0.008,0.3285,0.008,-0.0121,0.0,True,513500,CNY,S&P 500 Net TR × disclosed valuation FX convention,LEVEL 2 / REPORTED FUND NAV,FUND REPORTED / NOT MARKET EXECUTION,2022-11-09,2026-10-08T13:14:22.058405+00:00,513500-prospectus2022,bc91cfb0767b5b340d4ecdb09b1ca0c0a342169d3248811458284cb597299e16,68–69,False,True,,
2020-01-01,2020-12-31,0.0953,0.0223,0.1014,0.022400000000000003,-0.0060999999999999995,-0.0001,True,513500,CNY,S&P 500 Net TR × disclosed valuation FX convention,LEVEL 2 / REPORTED FUND NAV,FUND REPORTED / NOT MARKET EXECUTION,2022-11-09,2026-10-08T13:14:22.058405+00:00,513500-prospectus2022,bc91cfb0767b5b340d4ecdb09b1ca0c0a342169d3248811458284cb597299e16,68–69,False,True,,
2021-01-01,2021-12-31,0.2432,0.0088,0.2523,0.0088,-0.0091,0.0,True,513500,CNY,S&P 500 Net TR × disclosed valuation FX convention,LEVEL 2 / REPORTED FUND NAV,FUND REPORTED / NOT MARKET EXECUTION,2022-11-09,2026-10-08T13:14:22.058405+00:00,513500-prospectus2022,bc91cfb0767b5b340d4ecdb09b1ca0c0a342169d3248811458284cb597299e16,68–69,False,True,,
2022-01-01,2022-06-30,-0.1634,0.015700000000000002,-0.1594,0.015700000000000002,-0.004,0.0,False,513500,CNY,S&P 500 Net TR × disclosed valuation FX convention,LEVEL 2 / REPORTED FUND NAV,FUND REPORTED / NOT MARKET EXECUTION,2022-11-09,2026-10-08T13:14:22.058405+00:00,513500-prospectus2022,bc91cfb0767b5b340d4ecdb09b1ca0c0a342169d3248811458284cb597299e16,68–69,False,True,,
2013-12-05,2022-06-30,1.4022,0.0113,1.5937999999999999,0.011399999999999999,-0.1916,-0.0001,False,513500,CNY,S&P 500 Net TR × disclosed valuation FX convention,LEVEL 2 / REPORTED FUND NAV,FUND REPORTED / CONTAINS PRE-LISTING DATES,2022-11-09,2026-10-08T13:14:22.058405+00:00,513500-prospectus2022,bc91cfb0767b5b340d4ecdb09b1ca0c0a342169d3248811458284cb597299e16,68–69,False,True,,
